{
    "total": 2000,
    "avg_score": 76.68749000000001,
    "top_categories": {
        "Travel": 77.25029288702929,
        "Business": 77.01593023255813,
        "Tech": 76.89817391304348,
        "Education": 76.6251101321586,
        "Entertainment": 76.53941176470587,
        "Fitness": 76.50426724137932,
        "Fashion": 76.43664150943395,
        "Food": 76.10071729957805
    },
    "automation_impact": {
        "No": 79.04897149245387,
        "Yes": 56.66526066350711
    }
}